Channel Id,Channel Url,Channel Title
UC-Rq8xtCPBwNt_msMVmtfFQ,http://www.youtube.com/channel/UC-Rq8xtCPBwNt_msMVmtfFQ,Punit Singh
UC-_r3ybLeGdNfca0UriJ6XA,http://www.youtube.com/channel/UC-_r3ybLeGdNfca0UriJ6XA,Dev Next Level
UC-dmJ79518WlKMbsu50eMTQ,http://www.youtube.com/channel/UC-dmJ79518WlKMbsu50eMTQ,Clark Kegley
UC-iLlKE21PgP-roy8sjC2ZQ,http://www.youtube.com/channel/UC-iLlKE21PgP-roy8sjC2ZQ,Kruxers Music
UC-psmgLP5ypCv1ILMvgIfgg,http://www.youtube.com/channel/UC-psmgLP5ypCv1ILMvgIfgg,J Trix
UC-uFB6fwKkYkIi4658v_hxw,http://www.youtube.com/channel/UC-uFB6fwKkYkIi4658v_hxw,Jumpers Jump Clips
UC0C-w0YjGpqDXGB8IHb662A,http://www.youtube.com/channel/UC0C-w0YjGpqDXGB8IHb662A,Ed Sheeran
UC0GTuqMzOHgV0pRVRbu3afw,http://www.youtube.com/channel/UC0GTuqMzOHgV0pRVRbu3afw,Samjamguitar
UC0PDWWdR6UUWmVVWT3Ch5jA,http://www.youtube.com/channel/UC0PDWWdR6UUWmVVWT3Ch5jA,Follow The Compass North
UC0fDV9ojOuKTrntPRlgKkcQ,http://www.youtube.com/channel/UC0fDV9ojOuKTrntPRlgKkcQ,Casey Zander
UC1MmrnDaPnNa55twYBiH4NA,http://www.youtube.com/channel/UC1MmrnDaPnNa55twYBiH4NA,Polyfjord
UC1szFCBUWXY3ESff8dJjjzw,http://www.youtube.com/channel/UC1szFCBUWXY3ESff8dJjjzw,Loi Liang Yang
UC2BNxgNZ4rXjrvtdtj725MQ,http://www.youtube.com/channel/UC2BNxgNZ4rXjrvtdtj725MQ,Bundle Of Info
UC2QRcRPcROnaaQcli8kPGbg,http://www.youtube.com/channel/UC2QRcRPcROnaaQcli8kPGbg,Gaurav Sharma
UC2RpxrkilRbhwED1YG4BUIA,http://www.youtube.com/channel/UC2RpxrkilRbhwED1YG4BUIA,Domotro from Combo Class
UC2YyibL61HZl68aflFknUTA,http://www.youtube.com/channel/UC2YyibL61HZl68aflFknUTA,Prabh Deep
UC2bBsPXFWZWiBmkRiNlz8vg,http://www.youtube.com/channel/UC2bBsPXFWZWiBmkRiNlz8vg,Abhijit Chavda
UC2eYFnH61tmytImy1mTYvhA,http://www.youtube.com/channel/UC2eYFnH61tmytImy1mTYvhA,Luke Smith
UC2gQaoCItAC-IbT8RNwWqLQ,http://www.youtube.com/channel/UC2gQaoCItAC-IbT8RNwWqLQ,Shwetabh Gangwar
UC31msahuXK0g6Keb27d1wog,http://www.youtube.com/channel/UC31msahuXK0g6Keb27d1wog,NanoBaiter
UC39a9uWnGIDYzi5BMndFmiw,http://www.youtube.com/channel/UC39a9uWnGIDYzi5BMndFmiw,Larry Gao
UC3Rx3WbvEttXE5djEP-NPTA,http://www.youtube.com/channel/UC3Rx3WbvEttXE5djEP-NPTA,Guitar Adda
UC3zTcrgezTG_bHRA8fmlmmA,http://www.youtube.com/channel/UC3zTcrgezTG_bHRA8fmlmmA,Alpha Motivation
UC49gJcfMiAAWMPyOTHb_TWg,http://www.youtube.com/channel/UC49gJcfMiAAWMPyOTHb_TWg,Silk Road Studios
UC4SXMLUeOr9D2r870wtXNQw,http://www.youtube.com/channel/UC4SXMLUeOr9D2r870wtXNQw,Self-Help Toons
UC4_SUDiYxC8xsBB3KIOjz4A,http://www.youtube.com/channel/UC4_SUDiYxC8xsBB3KIOjz4A,Fearjames
UC5UAwBUum7CPN5buc-_N1Fw,http://www.youtube.com/channel/UC5UAwBUum7CPN5buc-_N1Fw,The Linux Experiment
UC5UEoOqiyiCEpmAJ-jlyL3g,http://www.youtube.com/channel/UC5UEoOqiyiCEpmAJ-jlyL3g,RohanBatra
UC5nc_ZtjKW1htCVZVRxlQAQ,http://www.youtube.com/channel/UC5nc_ZtjKW1htCVZVRxlQAQ,MrSuicideSheep
UC6-OJ0XHEvRkODh8ktUi_QA,http://www.youtube.com/channel/UC6-OJ0XHEvRkODh8ktUi_QA,Varun Duggi
UC6AIZZlzcP3csZcPgltF22Q,http://www.youtube.com/channel/UC6AIZZlzcP3csZcPgltF22Q,Josh2Funny Ent.
UC6VroAlEXUAT1OkH61TK_KA,http://www.youtube.com/channel/UC6VroAlEXUAT1OkH61TK_KA,Problem Solved
UC6WzPg6yxF9dQx2_O6R4lww,http://www.youtube.com/channel/UC6WzPg6yxF9dQx2_O6R4lww,Nitish Rajput
UC6ktP3PLU5sAJxN9Rb0TALg,http://www.youtube.com/channel/UC6ktP3PLU5sAJxN9Rb0TALg,Mike Shake
UC6nFzTDZedVm74xtPBZv6Sw,http://www.youtube.com/channel/UC6nFzTDZedVm74xtPBZv6Sw,Redefine
UC6v3C8Y3OIpJI1ByX64OIYw,http://www.youtube.com/channel/UC6v3C8Y3OIpJI1ByX64OIYw,yaeow
UC77utDMe2X6dHqOBEwoUJlw,http://www.youtube.com/channel/UC77utDMe2X6dHqOBEwoUJlw,Take impulse
UC7IcJI8PUf5Z3zKxnZvTBog,http://www.youtube.com/channel/UC7IcJI8PUf5Z3zKxnZvTBog,The School of Life
UC7b2A4OTNe5es8aJoAVRDfQ,http://www.youtube.com/channel/UC7b2A4OTNe5es8aJoAVRDfQ,KaanPhod Music
UC85D7ERwhke7wVqskV_DZUA,http://www.youtube.com/channel/UC85D7ERwhke7wVqskV_DZUA,Linking Your Thinking with Nick Milo
UC8YKE7-YPx8-QpB7uV5ZJjQ,http://www.youtube.com/channel/UC8YKE7-YPx8-QpB7uV5ZJjQ,Oversampled
UC8butISFwT-Wl7EV0hUK0BQ,http://www.youtube.com/channel/UC8butISFwT-Wl7EV0hUK0BQ,freeCodeCamp.org
UC8maW4itAzqQ9-ZgNCVfhSw,http://www.youtube.com/channel/UC8maW4itAzqQ9-ZgNCVfhSw,Nazz
UC90d9YRS0YQkkHdrIL8BI-g,http://www.youtube.com/channel/UC90d9YRS0YQkkHdrIL8BI-g,Drishticone Productions
UC9SVhrnsGxWwiBRWT9c7Ozw,http://www.youtube.com/channel/UC9SVhrnsGxWwiBRWT9c7Ozw,RoomieOfficial
UC9x0AN7BWHpCDHSm9NiJFJQ,http://www.youtube.com/channel/UC9x0AN7BWHpCDHSm9NiJFJQ,NetworkChuck
UCA071Pllf2wk-B8Rkwt47bQ,http://www.youtube.com/channel/UCA071Pllf2wk-B8Rkwt47bQ,Anonymous Official
UCAY_1vrUoOxjaKMnjKWovDQ,http://www.youtube.com/channel/UCAY_1vrUoOxjaKMnjKWovDQ,SIFF Guitar
UCAtIeffrm1-hiadMiCkYPRw,http://www.youtube.com/channel/UCAtIeffrm1-hiadMiCkYPRw,Ashish Gupta
UCAuUUnT6oDeKwE6v1NGQxug,http://www.youtube.com/channel/UCAuUUnT6oDeKwE6v1NGQxug,TED
UCB4NFn-8oipHct0IfAQBQrQ,http://www.youtube.com/channel/UCB4NFn-8oipHct0IfAQBQrQ,Unnecessary Inventions
UCBSgmJYXKczdP6iWaksn6Dg,http://www.youtube.com/channel/UCBSgmJYXKczdP6iWaksn6Dg,Ezekiel Bentancourt
UCBm0hPI-ykEloE6c8Tf15Vw,http://www.youtube.com/channel/UCBm0hPI-ykEloE6c8Tf15Vw,Tricky Man
UCBqFKDipsnzvJdt6UT0lMIg,http://www.youtube.com/channel/UCBqFKDipsnzvJdt6UT0lMIg,Sandeep Maheshwari
UCBsqyl7G3FH1_saqaNpGGjA,http://www.youtube.com/channel/UCBsqyl7G3FH1_saqaNpGGjA,Enough Pace
UCC0X138UF0QD97aHO7MOGWA,http://www.youtube.com/channel/UCC0X138UF0QD97aHO7MOGWA,Kalam Ink
UCC1bgZmrGi8_ALvcfm2_f4Q,http://www.youtube.com/channel/UCC1bgZmrGi8_ALvcfm2_f4Q,Faris Shafi
UCC8wczy7734jKPhiR2UkS9A,http://www.youtube.com/channel/UCC8wczy7734jKPhiR2UkS9A,Wholesale Ted
UCCL7w_D5hxcPDWKpBpmhORw,http://www.youtube.com/channel/UCCL7w_D5hxcPDWKpBpmhORw,KIDSHOT
UCCfezIQ9XDs7K7_rmRw_tcg,http://www.youtube.com/channel/UCCfezIQ9XDs7K7_rmRw_tcg,Luna Mist
UCDHQsUdSQE3p4i5vCXB7uFA,http://www.youtube.com/channel/UCDHQsUdSQE3p4i5vCXB7uFA,RAAAZ by BigBrainco.
UCDHdiedPwCRvafXq1I2j0dA,http://www.youtube.com/channel/UCDHdiedPwCRvafXq1I2j0dA,Christian Cagle
UCDQix2yxZUeWdze6FKJFjDg,http://www.youtube.com/channel/UCDQix2yxZUeWdze6FKJFjDg,Lucas Imbiriba
UCDgUAAHgsV2fFZQm2fIWBnA,http://www.youtube.com/channel/UCDgUAAHgsV2fFZQm2fIWBnA,Prince Ea
UCDnH96pyDc11tKCS3aYcMyg,http://www.youtube.com/channel/UCDnH96pyDc11tKCS3aYcMyg,Mukesh Thakur (Ravi)
UCDoc8lFrlfXnFXV08ptmDag,http://www.youtube.com/channel/UCDoc8lFrlfXnFXV08ptmDag,XOGI
UCE333_ghjHRxpwWyltVsoWg,http://www.youtube.com/channel/UCE333_ghjHRxpwWyltVsoWg,Shubh Bundela
UCEAAzv2OBqxsSczKJ2QZyGQ,http://www.youtube.com/channel/UCEAAzv2OBqxsSczKJ2QZyGQ,Pushkar Raj Thakur : Business Coach
UCEEVcDuBRDiwxfXAgQjLGug,http://www.youtube.com/channel/UCEEVcDuBRDiwxfXAgQjLGug,Dreams of Autonomy
UCETdq2SP0JL7T7enTAk76XQ,http://www.youtube.com/channel/UCETdq2SP0JL7T7enTAk76XQ,Dikshant
UCEbT1i1jyPFJskuEK06jzEg,http://www.youtube.com/channel/UCEbT1i1jyPFJskuEK06jzEg,MattTV Shorts
UCEdyZZGjnY37G1UrIwIoA9w,http://www.youtube.com/channel/UCEdyZZGjnY37G1UrIwIoA9w,SKY OG
UCErh5itXWiSj1vo_yWKxO3Q,http://www.youtube.com/channel/UCErh5itXWiSj1vo_yWKxO3Q,ARSH ABRAHAM
UCEyBnh-q5Mv_D0ySdKhxwGQ,http://www.youtube.com/channel/UCEyBnh-q5Mv_D0ySdKhxwGQ,The Wolf of Wall Street
UCFCpMEU3jzPb60jIqQnbgCg,http://www.youtube.com/channel/UCFCpMEU3jzPb60jIqQnbgCg,Vibhu Varshney Shorts
UCFRvkhzqhloHr3rxdfTSR7Q,http://www.youtube.com/channel/UCFRvkhzqhloHr3rxdfTSR7Q,FILO updates
UCFVqzO9_qHVckKqNC95o9tw,http://www.youtube.com/channel/UCFVqzO9_qHVckKqNC95o9tw,Gaia
UCG-KntY7aVnIGXYEBQvmBAQ,http://www.youtube.com/channel/UCG-KntY7aVnIGXYEBQvmBAQ,Thomas Frank
UCG8R0ZMHBkRzBT1DWK9wT5w,http://www.youtube.com/channel/UCG8R0ZMHBkRzBT1DWK9wT5w,Joey Bada$$
UCGS1IRcjaLYc6WfEXj9kbnA,http://www.youtube.com/channel/UCGS1IRcjaLYc6WfEXj9kbnA,Entrelligence 2.0
UCHOKvQW2N4kLVhKYn2bvF7A,http://www.youtube.com/channel/UCHOKvQW2N4kLVhKYn2bvF7A,Prakhar ke Pravachan
UCHdPuKshPHyRHE3rz75rXdw,http://www.youtube.com/channel/UCHdPuKshPHyRHE3rz75rXdw,Dre Drexler
UCHkYmDsRxcY_iJXDRs26A3g,http://www.youtube.com/channel/UCHkYmDsRxcY_iJXDRs26A3g,Aditya Tripathi
UCHwNJi35c53A2YCB3biOjBQ,http://www.youtube.com/channel/UCHwNJi35c53A2YCB3biOjBQ,Alex Costa Advice
UCILyq7gn6_ISHshQ4BJyIWg,http://www.youtube.com/channel/UCILyq7gn6_ISHshQ4BJyIWg,YOURFITNESSTORIES
UCIRiWCPZoUyZDbydIqitHtQ,http://www.youtube.com/channel/UCIRiWCPZoUyZDbydIqitHtQ,Mike Boyd
UCIhOaKbWTk8ScGi6C0tiyPQ,http://www.youtube.com/channel/UCIhOaKbWTk8ScGi6C0tiyPQ,Outperform
UCItJsxqZNWUyxFn-A2tzizQ,http://www.youtube.com/channel/UCItJsxqZNWUyxFn-A2tzizQ,Priya Jain
UCJDHWj_fiAwo-h2mTmuNIjA,http://www.youtube.com/channel/UCJDHWj_fiAwo-h2mTmuNIjA,Vaibhav Graphics 
UCJouafcrgaKSyzpCNeZaMOw,http://www.youtube.com/channel/UCJouafcrgaKSyzpCNeZaMOw,Tinchu
UCKMwrVu68R2GR8u5ey1p9gw,http://www.youtube.com/channel/UCKMwrVu68R2GR8u5ey1p9gw,XiSTENCE
UCKSkS4L-K9Ro266qnTV9KGw,http://www.youtube.com/channel/UCKSkS4L-K9Ro266qnTV9KGw,Fitternity
UCKjFQcRLQcwfGWbFKQljouA,http://www.youtube.com/channel/UCKjFQcRLQcwfGWbFKQljouA,Cyber Zeel
UCKkASYweDWH_Nqo8rr0SIDA,http://www.youtube.com/channel/UCKkASYweDWH_Nqo8rr0SIDA,i want dush
UCKkiEn_21lsR7o4oEaM5CHw,http://www.youtube.com/channel/UCKkiEn_21lsR7o4oEaM5CHw,Atharv
UCKtiMrNZq0gGbPTnsMu7Bsw,http://www.youtube.com/channel/UCKtiMrNZq0gGbPTnsMu7Bsw,Ruri Ohama
UCLMkh2PYXpQh52d3m2bzNNA,http://www.youtube.com/channel/UCLMkh2PYXpQh52d3m2bzNNA,KeshArt
UCLWhAI-T6zhBxXWSUp8DJPg,http://www.youtube.com/channel/UCLWhAI-T6zhBxXWSUp8DJPg,Yashraj
UCLfDvQDTX4Gz6Sp-ktE21lA,http://www.youtube.com/channel/UCLfDvQDTX4Gz6Sp-ktE21lA,Maniesh Paul
UCLverqV6G5MER0YXM4LienQ,http://www.youtube.com/channel/UCLverqV6G5MER0YXM4LienQ,Vigyan Recharge
UCMM3BoEd_RpSpxnprpO-ZfA,http://www.youtube.com/channel/UCMM3BoEd_RpSpxnprpO-ZfA,Indigo Bay
UCMXGUdfV2KF6HJ8HigDTOLg,http://www.youtube.com/channel/UCMXGUdfV2KF6HJ8HigDTOLg,DEEP MMA & BOXING
UCM_D1Gw5StkOffHbSId-1Rw,http://www.youtube.com/channel/UCM_D1Gw5StkOffHbSId-1Rw,Levent Geiger
UCMdSPGxOwQfLlAAwi8RcjEg,http://www.youtube.com/channel/UCMdSPGxOwQfLlAAwi8RcjEg,SIDDHANT PRUTHI
UCN4fx_jg4w6Pv4M3RsJkCJg,http://www.youtube.com/channel/UCN4fx_jg4w6Pv4M3RsJkCJg,Inqalab
UCN5GoG50LmJu-m4Orh96R-w,http://www.youtube.com/channel/UCN5GoG50LmJu-m4Orh96R-w,PRINCE - THE ARTIST SINGH
UCNIoLiHvnuKTKoJuLQUS--A,http://www.youtube.com/channel/UCNIoLiHvnuKTKoJuLQUS--A,Mark Tilbury Extra
UCNY457tdF8EnMSSFS5nH9eA,http://www.youtube.com/channel/UCNY457tdF8EnMSSFS5nH9eA,Matt Miranda
UCNjPtOCvMrKY5eLwr_-7eUg,http://www.youtube.com/channel/UCNjPtOCvMrKY5eLwr_-7eUg,Alux.com
UCNvzD7Z-g64bPXxGzaQaa4g,http://www.youtube.com/channel/UCNvzD7Z-g64bPXxGzaQaa4g,gameranx
UCO5QSoES5yn2Dw7YixDYT5Q,http://www.youtube.com/channel/UCO5QSoES5yn2Dw7YixDYT5Q,Aperture
UCO67XybFBWeMSw4SLCu2mSQ,http://www.youtube.com/channel/UCO67XybFBWeMSw4SLCu2mSQ,Obaeda Korani
UCOEMEjL1GBJ41uCWur5VXWQ,http://www.youtube.com/channel/UCOEMEjL1GBJ41uCWur5VXWQ,GaryVee Video Experience
UCOKHwx1VCdgnxwbjyb9Iu1g,http://www.youtube.com/channel/UCOKHwx1VCdgnxwbjyb9Iu1g,Blender Guru
UCOa4ng239g5dqsWYFLR9dmQ,http://www.youtube.com/channel/UCOa4ng239g5dqsWYFLR9dmQ,Acoustic Singh
UCOmQId40CwU-EbKq9G3yabw,http://www.youtube.com/channel/UCOmQId40CwU-EbKq9G3yabw,cycasmotivationclips
UCOvZZg0EyZxG-xQ_FA2M3Qw,http://www.youtube.com/channel/UCOvZZg0EyZxG-xQ_FA2M3Qw,Sush & Yohan Music
UCP0_k4INXrwPS6HhIyYqsTg,http://www.youtube.com/channel/UCP0_k4INXrwPS6HhIyYqsTg,Steven He
UCPJ_UzD4PEC-_vwN32amlIQ,http://www.youtube.com/channel/UCPJ_UzD4PEC-_vwN32amlIQ,Open Letter
UCPk2s5c4R_d-EUUNvFFODoA,http://www.youtube.com/channel/UCPk2s5c4R_d-EUUNvFFODoA,Gohar Khan
UCPxMZIFE856tbTfdkdjzTSQ,http://www.youtube.com/channel/UCPxMZIFE856tbTfdkdjzTSQ,BeerBiceps
UCQ5w3fSomzziZfO7neK7eAg,http://www.youtube.com/channel/UCQ5w3fSomzziZfO7neK7eAg,AJR
UCQFvZCuwqQWuYyhWpdOX0IA,http://www.youtube.com/channel/UCQFvZCuwqQWuYyhWpdOX0IA,PUIA
UCR-foyF-C6VuAlwy3KZMkgA,http://www.youtube.com/channel/UCR-foyF-C6VuAlwy3KZMkgA,Dr. Vivek Bindra: Motivational Speaker
UCRaD3LEc1W2mDgakn5aMGOw,http://www.youtube.com/channel/UCRaD3LEc1W2mDgakn5aMGOw,Agyanium
UCRcforuHcWiwwe50_jiD_OQ,http://www.youtube.com/channel/UCRcforuHcWiwwe50_jiD_OQ,Basslila
UCRssZAbyZ8L1iipFIZ93aDw,http://www.youtube.com/channel/UCRssZAbyZ8L1iipFIZ93aDw,Fault
UCRte954rw0oeMWFroy_ClAw,http://www.youtube.com/channel/UCRte954rw0oeMWFroy_ClAw,Chris Hau
UCRxwVTx6VtNNMlUmIn-1abQ,http://www.youtube.com/channel/UCRxwVTx6VtNNMlUmIn-1abQ,Torq4712
UCRzYN32xtBf3Yxsx5BvJWJw,http://www.youtube.com/channel/UCRzYN32xtBf3Yxsx5BvJWJw,warikoo
UCS25Y-2DUke9uOU5OtLwwgg,http://www.youtube.com/channel/UCS25Y-2DUke9uOU5OtLwwgg,Linux Tex
UCSHW4sIysWm_Q69t7RE-slQ,http://www.youtube.com/channel/UCSHW4sIysWm_Q69t7RE-slQ,Satish K Videos
UCSU8_OMliRp8smEgjbaAWKw,http://www.youtube.com/channel/UCSU8_OMliRp8smEgjbaAWKw,Piyush Bhisekar
UCSaU-7ZEH8TxV9-mOoprTMw,http://www.youtube.com/channel/UCSaU-7ZEH8TxV9-mOoprTMw,Keegan Evans Photo
UCSkHYh2dxlQuzFYBD0NjJ1A,http://www.youtube.com/channel/UCSkHYh2dxlQuzFYBD0NjJ1A,PostGuru
UCSoOY37X45twbR5EC4hcdrQ,http://www.youtube.com/channel/UCSoOY37X45twbR5EC4hcdrQ,Also Abhinav
UCT4iTe4eB9aRn2p3jRuGlDA,http://www.youtube.com/channel/UCT4iTe4eB9aRn2p3jRuGlDA,Josh Otusanya
UCTFkMsbVaJKwLazDXtr4ySg,http://www.youtube.com/channel/UCTFkMsbVaJKwLazDXtr4ySg,Roshan
UCTPTyepq9X0Sm-ND36oa-nA,http://www.youtube.com/channel/UCTPTyepq9X0Sm-ND36oa-nA,GEN01 Records
UCUAO_5jihCZH1i3Eux2Dsgw,http://www.youtube.com/channel/UCUAO_5jihCZH1i3Eux2Dsgw,rohh
UCUC4X5ReeJRSBtiP2zjxdnQ,http://www.youtube.com/channel/UCUC4X5ReeJRSBtiP2zjxdnQ,THE RAP COACH
UCUI9vm69ZbAqRK3q3vKLWCQ,http://www.youtube.com/channel/UCUI9vm69ZbAqRK3q3vKLWCQ,Mint
UCUMccND2H_CVS0dMZKCPCXA,http://www.youtube.com/channel/UCUMccND2H_CVS0dMZKCPCXA,FinnovationZ by Prasad
UCUMwY9iS8oMyWDYIe6_RmoA,http://www.youtube.com/channel/UCUMwY9iS8oMyWDYIe6_RmoA,No Boilerplate
UCUZtNM5CpgipOmK58BX3UMg,http://www.youtube.com/channel/UCUZtNM5CpgipOmK58BX3UMg,Ashwini Vlogs 
UCUfP26mozkiTLZj5eBpFPeQ,http://www.youtube.com/channel/UCUfP26mozkiTLZj5eBpFPeQ,Tik Cover
UCUvkPEm38w6pq8w5QYgtPPw,http://www.youtube.com/channel/UCUvkPEm38w6pq8w5QYgtPPw,CyberFlow
UCUyjd7I7it_K2wPFgKM7TfA,http://www.youtube.com/channel/UCUyjd7I7it_K2wPFgKM7TfA,Divya Mishra
UCVOTBwF0vnSxMRIbfSE_K_g,http://www.youtube.com/channel/UCVOTBwF0vnSxMRIbfSE_K_g,Labour Law Advisor
UCVaSUu1B_Y4R2rFLUpvRmlA,http://www.youtube.com/channel/UCVaSUu1B_Y4R2rFLUpvRmlA,The Formal Edit
UCVeW9qkBjo3zosnqUbG7CFw,http://www.youtube.com/channel/UCVeW9qkBjo3zosnqUbG7CFw,John Hammond
UCW5WFdHKnUicS83mvyS8Jmg,http://www.youtube.com/channel/UCW5WFdHKnUicS83mvyS8Jmg,Aditya Umre
UCW6MNdOsqv2E9AjQkv9we7A,http://www.youtube.com/channel/UCW6MNdOsqv2E9AjQkv9we7A,PwnFunction
UCW7bD4BMN_Tx_bGmL3gD5zg,http://www.youtube.com/channel/UCW7bD4BMN_Tx_bGmL3gD5zg,Celebrity Quotes
UCWBWgCD4oAqT3hUeq40SCUw,http://www.youtube.com/channel/UCWBWgCD4oAqT3hUeq40SCUw,Sambucha
UCWMFDIJOnk5CeOarRmRI6Rw,http://www.youtube.com/channel/UCWMFDIJOnk5CeOarRmRI6Rw,pink
UCWP4FTfQYQ5kaNzfUaiZT9A,http://www.youtube.com/channel/UCWP4FTfQYQ5kaNzfUaiZT9A,Prafull Billore
UCX0JHmYdFAOr8k8xCvSc0FQ,http://www.youtube.com/channel/UCX0JHmYdFAOr8k8xCvSc0FQ,blenderian
UCX6S71YiSkrEnJ_zcIKaI9g,http://www.youtube.com/channel/UCX6S71YiSkrEnJ_zcIKaI9g,Mr Techpedia
UCXEDb5FSlmb_1OCChb-Q07A,http://www.youtube.com/channel/UCXEDb5FSlmb_1OCChb-Q07A,Saahel
UCXLO4T4BQjipp8JQ1tKhpIw,http://www.youtube.com/channel/UCXLO4T4BQjipp8JQ1tKhpIw,Legal Baba Clips
UCXcixmdzB7kzL7DSYoPxH2g,http://www.youtube.com/channel/UCXcixmdzB7kzL7DSYoPxH2g,Paisa Waisa
UCXl0djQ2IljcG-shgv-hIEA,http://www.youtube.com/channel/UCXl0djQ2IljcG-shgv-hIEA,Daniel Iles
UCXrqG3F0ffTb_ekAG0dtyEA,http://www.youtube.com/channel/UCXrqG3F0ffTb_ekAG0dtyEA,NSHNT
UCXuqSBlHAE6Xw-yeJA0Tunw,http://www.youtube.com/channel/UCXuqSBlHAE6Xw-yeJA0Tunw,Linus Tech Tips
UCXw-7k24bg9ywnJ4iIcchyg,http://www.youtube.com/channel/UCXw-7k24bg9ywnJ4iIcchyg,Going Spaceward
UCY6VZZo9MZCyIIozTs0khNA,http://www.youtube.com/channel/UCY6VZZo9MZCyIIozTs0khNA,"easy, actually"
UCYjA0MTEIxh4dxo5boLFI0w,http://www.youtube.com/channel/UCYjA0MTEIxh4dxo5boLFI0w,Mindful Solutions
UCYnG2ZwohOlPsV5AyutEaaQ,http://www.youtube.com/channel/UCYnG2ZwohOlPsV5AyutEaaQ,TheBohoSapiens
UCZ1FCXu6uAhE6YkAsKQDGNg,http://www.youtube.com/channel/UCZ1FCXu6uAhE6YkAsKQDGNg,Abdul Hannan
UCZ9oDWliqkUxGHsKVbkwQOw,http://www.youtube.com/channel/UCZ9oDWliqkUxGHsKVbkwQOw,CuriosityShow
UCZIIRX8rkNjVpP-oLMHpeDw,http://www.youtube.com/channel/UCZIIRX8rkNjVpP-oLMHpeDw,Calisthenicmovement
UCZPfqDbjcSORSHk2HYwCLFw,http://www.youtube.com/channel/UCZPfqDbjcSORSHk2HYwCLFw,Nawaab
UCZQDF0x18Xe6RZayvod99zA,http://www.youtube.com/channel/UCZQDF0x18Xe6RZayvod99zA,Him-eesh Madaan
UCZeAyDFKd5Gyn6WVfY2TTyA,http://www.youtube.com/channel/UCZeAyDFKd5Gyn6WVfY2TTyA,BoyWithoutUke
UCZhAncp5oSfWIGCERUwQ75w,http://www.youtube.com/channel/UCZhAncp5oSfWIGCERUwQ75w,Big Scratch
UCZqsC13VeSnTIvdvTK-YEvA,http://www.youtube.com/channel/UCZqsC13VeSnTIvdvTK-YEvA,Mayank Bhattacharya
UCZt6GXD3VnY4rsvXqLX8IQw,http://www.youtube.com/channel/UCZt6GXD3VnY4rsvXqLX8IQw,Hemant Pant
UC_Bd8J6nxHNROxmDh2JdJOg,http://www.youtube.com/channel/UC_Bd8J6nxHNROxmDh2JdJOg,Abhin & Tanish
UC_OtXQrqawE0GPCT-Rb3d-g,http://www.youtube.com/channel/UC_OtXQrqawE0GPCT-Rb3d-g,Osho Jain
UC_keObs2_MvR-D_8qpUQZUQ,http://www.youtube.com/channel/UC_keObs2_MvR-D_8qpUQZUQ,Lessons in 30s
UC_m9amgaxYJaNcOJfbQf-EA,http://www.youtube.com/channel/UC_m9amgaxYJaNcOJfbQf-EA,Satish Ray
UCa57f1iRJYQ-mUUBvjZaXJQ,http://www.youtube.com/channel/UCa57f1iRJYQ-mUUBvjZaXJQ,MC Headshot
UCapgfjAMXEJaixq6QJ4h-iA,http://www.youtube.com/channel/UCapgfjAMXEJaixq6QJ4h-iA,Hamrah Beats
UCbIDbGz7moZu2AtU-gqaRYA,http://www.youtube.com/channel/UCbIDbGz7moZu2AtU-gqaRYA,Bazanji
UCbT_7qRIrw8TMH8ovjTYBJQ,http://www.youtube.com/channel/UCbT_7qRIrw8TMH8ovjTYBJQ,TRS Clips
UCbV60AGIHKz2xIGvbk0LLvg,http://www.youtube.com/channel/UCbV60AGIHKz2xIGvbk0LLvg,Jay Shetty
UCbXsTqyVlt2-2YrLt1M4GLQ,http://www.youtube.com/channel/UCbXsTqyVlt2-2YrLt1M4GLQ,Bharat Chauhan
UCbfYPyITQ-7l4upoX8nvctg,http://www.youtube.com/channel/UCbfYPyITQ-7l4upoX8nvctg,Two Minute Papers
UCcLhcgA_E3F7WHmmhInA-wg,http://www.youtube.com/channel/UCcLhcgA_E3F7WHmmhInA-wg,Sajjad Ali
UCcNrmSXswsMJzuaSQknziTw,http://www.youtube.com/channel/UCcNrmSXswsMJzuaSQknziTw,Make Money Matt
UCcabW7890RKJzL968QWEykA,http://www.youtube.com/channel/UCcabW7890RKJzL968QWEykA,CS50
UCcnUfhA0uF-1RnpCZ5GMGAw,http://www.youtube.com/channel/UCcnUfhA0uF-1RnpCZ5GMGAw,Road to 1%
UCctXZhXmG-kf3tlIXgVZUlw,http://www.youtube.com/channel/UCctXZhXmG-kf3tlIXgVZUlw,GaryVee
UCcyq283he07B7_KUX07mmtA,http://www.youtube.com/channel/UCcyq283he07B7_KUX07mmtA,Business Insider
UCdQ_ZkYaMe6qPoueUyPQgpQ,http://www.youtube.com/channel/UCdQ_ZkYaMe6qPoueUyPQgpQ,Photoshop Training Channel
UCdSuKogXJOZld5Dzw_9285w,http://www.youtube.com/channel/UCdSuKogXJOZld5Dzw_9285w,Prod. Riddiman
UCdWdS4LAtv0HvnyLUs0GrKg,http://www.youtube.com/channel/UCdWdS4LAtv0HvnyLUs0GrKg,Adam Ivy
UCdWpFHyqvBGuBWyeiJGaD7Q,http://www.youtube.com/channel/UCdWpFHyqvBGuBWyeiJGaD7Q,Rapping Manual
UCdeVgjrK9a0X04F8tD7W6UQ,http://www.youtube.com/channel/UCdeVgjrK9a0X04F8tD7W6UQ,TwoFeet
UCdlNK1xcy-Sn8liq7feNxWw,http://www.youtube.com/channel/UCdlNK1xcy-Sn8liq7feNxWw,Grant Cardone
UCdnbCWKhjfrbyaNKLGn4jOw,http://www.youtube.com/channel/UCdnbCWKhjfrbyaNKLGn4jOw,Veyrone
UCdoDYkupTElV62K7ttA_E4w,http://www.youtube.com/channel/UCdoDYkupTElV62K7ttA_E4w,TechBar
UCdqV9louMlDdKc_J0UgssfQ,http://www.youtube.com/channel/UCdqV9louMlDdKc_J0UgssfQ,ProAudio Records • By Shashwat
UCdyTmmQt4qES7hRUc6C8xAA,http://www.youtube.com/channel/UCdyTmmQt4qES7hRUc6C8xAA,Pendo46
UCe3OmUXohXrXnNZSRl5Z9kA,http://www.youtube.com/channel/UCe3OmUXohXrXnNZSRl5Z9kA,PraveenMohan
UCe3qdG0A_gr-sEdat5y2twQ,http://www.youtube.com/channel/UCe3qdG0A_gr-sEdat5y2twQ,CA Rachana Phadke Ranade
UCe9bZ0AsaR-YtKRvNV9WOHQ,http://www.youtube.com/channel/UCe9bZ0AsaR-YtKRvNV9WOHQ,unlucky
UCeJFgNahi--FKs0oJyeRDEw,http://www.youtube.com/channel/UCeJFgNahi--FKs0oJyeRDEw,Hybrid Calisthenics
UCeLHszkByNZtPKcaVXOCOQQ,http://www.youtube.com/channel/UCeLHszkByNZtPKcaVXOCOQQ,Post Malone
UCeP4oj6TsUlnlzQqUzKxUjg,http://www.youtube.com/channel/UCeP4oj6TsUlnlzQqUzKxUjg,Satvic Yoga
UCeVMnSShP_Iviwkknt83cww,http://www.youtube.com/channel/UCeVMnSShP_Iviwkknt83cww,CodeWithHarry
UCegmxKGq-bSp9PBOSDy7o3Q,http://www.youtube.com/channel/UCegmxKGq-bSp9PBOSDy7o3Q,Kruxers
UCepBxbSrGZkgjgGJuY04c-Q,http://www.youtube.com/channel/UCepBxbSrGZkgjgGJuY04c-Q,Professor Of How
UCf4rdDUfjjbx0UbGaeirODQ,http://www.youtube.com/channel/UCf4rdDUfjjbx0UbGaeirODQ,Aditya Rikhari
UCfHc_IDEJATToJMbZ1HYbMg,http://www.youtube.com/channel/UCfHc_IDEJATToJMbZ1HYbMg,Anthony John
UCfJrdVVcWZMHLC--a4ovLLQ,http://www.youtube.com/channel/UCfJrdVVcWZMHLC--a4ovLLQ,Tim Dessaint
UCfYEdvKQekP7RiemXC0o92w,http://www.youtube.com/channel/UCfYEdvKQekP7RiemXC0o92w,Kyle Beats
UCfcVJVE4yIdghBrxYqVaMLg,http://www.youtube.com/channel/UCfcVJVE4yIdghBrxYqVaMLg,badkrazy
UCffs9TWLuHnZpKJwrHGuYVw,http://www.youtube.com/channel/UCffs9TWLuHnZpKJwrHGuYVw,Aditya Saini
UCfhbydY40P2Lli9HuBz8cdA,http://www.youtube.com/channel/UCfhbydY40P2Lli9HuBz8cdA,SeeKen
UCfjyRmUNfxVwPj0Gv-CQVDg,http://www.youtube.com/channel/UCfjyRmUNfxVwPj0Gv-CQVDg,AFTAB
UCfzVWnXjoKJXSj6bCKrzbOw,http://www.youtube.com/channel/UCfzVWnXjoKJXSj6bCKrzbOw,Archive of qazee.
UCg2EzBx8B5OaS2338gJT-kQ,http://www.youtube.com/channel/UCg2EzBx8B5OaS2338gJT-kQ,Nico Felich
UCg6gPGh8HU2U01vaFCAsvmQ,http://www.youtube.com/channel/UCg6gPGh8HU2U01vaFCAsvmQ,Chris Titus Tech
UCgFvT6pUq9HLOvKBYERzXSQ,http://www.youtube.com/channel/UCgFvT6pUq9HLOvKBYERzXSQ,Davie504
UCgeicB5AuF3MyyUto0-M5Lw,http://www.youtube.com/channel/UCgeicB5AuF3MyyUto0-M5Lw,Actualized.org
UCh-yZehWlvPds-NewsXpzwg,http://www.youtube.com/channel/UCh-yZehWlvPds-NewsXpzwg,Never Give Up
UChHcNHeAvgrHLpYpe_aneFA,http://www.youtube.com/channel/UChHcNHeAvgrHLpYpe_aneFA,LIMA
UChVDJnxw6AVoNRpwHcAU67g,http://www.youtube.com/channel/UChVDJnxw6AVoNRpwHcAU67g,Budo Brothers
UCh_dVD10YuSghle8g6yjePg,http://www.youtube.com/channel/UCh_dVD10YuSghle8g6yjePg,Naval
UChcQJLK_3KJzU0Ye7l1LQ9A,http://www.youtube.com/channel/UChcQJLK_3KJzU0Ye7l1LQ9A,Chaar Diwaari
UChpleBmo18P08aKCIgti38g,http://www.youtube.com/channel/UChpleBmo18P08aKCIgti38g,Matt Wolfe
UCht20FQcvP8KATxdKAxJL8A,http://www.youtube.com/channel/UCht20FQcvP8KATxdKAxJL8A,Rewirs
UCi1mYtUWs0JRkPl6bNVRL_Q,http://www.youtube.com/channel/UCi1mYtUWs0JRkPl6bNVRL_Q,John Mayer
UCi2qHfRMVEI_yHH90gZBevQ,http://www.youtube.com/channel/UCi2qHfRMVEI_yHH90gZBevQ,Project Nightfall
UCiU0DwnFdPN4hhnq2jKlEyw,http://www.youtube.com/channel/UCiU0DwnFdPN4hhnq2jKlEyw,Mix With Vasudev
UCiceQ96aHdwwve2vpCSbbNQ,http://www.youtube.com/channel/UCiceQ96aHdwwve2vpCSbbNQ,Allen Tsai
UCisy6taOAeLfyaCqcMQDfig,http://www.youtube.com/channel/UCisy6taOAeLfyaCqcMQDfig,Max Klymenko
UCiyVfd7aZk8h69H9VyJ70yg,http://www.youtube.com/channel/UCiyVfd7aZk8h69H9VyJ70yg,Web Prodigies
UCj2yZE96gWsFyeVYnY9zXeg,http://www.youtube.com/channel/UCj2yZE96gWsFyeVYnY9zXeg,Ruslan KD
UCjWhpxUc0R1yQTK360nZNqw,http://www.youtube.com/channel/UCjWhpxUc0R1yQTK360nZNqw,Sajid
UCkCGANrihzExmu9QiqZpPlQ,http://www.youtube.com/channel/UCkCGANrihzExmu9QiqZpPlQ,How Money Works
UCkGxNMDRlhLmxvKL5RhvXHw,http://www.youtube.com/channel/UCkGxNMDRlhLmxvKL5RhvXHw,Common Sense
UCkVbfbzwqHPHMDt9cYl_l4w,http://www.youtube.com/channel/UCkVbfbzwqHPHMDt9cYl_l4w,SAMVAD SANGEET 
UCkVr3e4pFd6Ov7v30sXHspQ,http://www.youtube.com/channel/UCkVr3e4pFd6Ov7v30sXHspQ,LifeGyan
UCkcqmxjMXaBb0kDWqqSEU1g,http://www.youtube.com/channel/UCkcqmxjMXaBb0kDWqqSEU1g,Sahil & Sarra
UCkivKVXJKNKkW5fgmC0Iohw,http://www.youtube.com/channel/UCkivKVXJKNKkW5fgmC0Iohw,Aryan Negi
UCl2mFZoRqjw_ELax4Yisf6w,http://www.youtube.com/channel/UCl2mFZoRqjw_ELax4Yisf6w,Louis Rossmann
UClWGlyUXBAS9QhaHmoZjEUA,http://www.youtube.com/channel/UClWGlyUXBAS9QhaHmoZjEUA,Sagar's Kitchen
UCm-rqM_uza633adPa3iX0Gw,http://www.youtube.com/channel/UCm-rqM_uza633adPa3iX0Gw,Zeth
UCmSC--hJ1nrozudPzEmlYMQ,http://www.youtube.com/channel/UCmSC--hJ1nrozudPzEmlYMQ,Naalayak
UCmXZxX_qexEZxhb5_vQKPCw,http://www.youtube.com/channel/UCmXZxX_qexEZxhb5_vQKPCw,Aman Dhattarwal
UCmr_2dlYM0pYHdI9TeF5SIQ,http://www.youtube.com/channel/UCmr_2dlYM0pYHdI9TeF5SIQ,Rudy Ayoub
UCn8zNIfYAQNdrFRrr8oibKw,http://www.youtube.com/channel/UCn8zNIfYAQNdrFRrr8oibKw,VICE
UCnE72uToF4btYedtOFFiyCg,http://www.youtube.com/channel/UCnE72uToF4btYedtOFFiyCg,Rishabh Shukla
UCnYiTCfI0KIKRv6nxj99Ehg,http://www.youtube.com/channel/UCnYiTCfI0KIKRv6nxj99Ehg,Best Of TRS Hindi
UCnZIwOrjzsyi2qO2LV0Ve7w,http://www.youtube.com/channel/UCnZIwOrjzsyi2qO2LV0Ve7w,Khudgharz
UCneyi-aYq4VIBYIAQgWmk_w,http://www.youtube.com/channel/UCneyi-aYq4VIBYIAQgWmk_w,Ranveer Allahbadia
UCngn7SVujlvskHRvRKc1cTw,http://www.youtube.com/channel/UCngn7SVujlvskHRvRKc1cTw,BugsWriter
UCnrLmor_T0D4VAHzq70N7KQ,http://www.youtube.com/channel/UCnrLmor_T0D4VAHzq70N7KQ,SANGEETARIST
UCnvhzmsingsPcNgxK8TwUJA,http://www.youtube.com/channel/UCnvhzmsingsPcNgxK8TwUJA,VIBHOR BEATS
UCoOae5nYA7VqaXzerajD0lg,http://www.youtube.com/channel/UCoOae5nYA7VqaXzerajD0lg,Ali Abdaal
UCoRR6OLuIZ2-5VxtnQIaN2w,http://www.youtube.com/channel/UCoRR6OLuIZ2-5VxtnQIaN2w,NFrealmusic
UCodkb-qBktJI5NrUsPYpf7g,http://www.youtube.com/channel/UCodkb-qBktJI5NrUsPYpf7g,Jordan B Peterson Clips
UCpLfM1_MIcIQ3jweRT19LVw,http://www.youtube.com/channel/UCpLfM1_MIcIQ3jweRT19LVw,Cinecom.net
UCpVrG9Y5HpjOGYrVOcZTs2A,http://www.youtube.com/channel/UCpVrG9Y5HpjOGYrVOcZTs2A,Srushti Tawade
UCpeRzRS1b1NvY4og1huE7jw,http://www.youtube.com/channel/UCpeRzRS1b1NvY4og1huE7jw,Dostcast
UCqC_GY2ZiENFz2pwL0cSfAw,http://www.youtube.com/channel/UCqC_GY2ZiENFz2pwL0cSfAw,Green Day
UCqLvFy_tFtUcp5Qj2jbMweA,http://www.youtube.com/channel/UCqLvFy_tFtUcp5Qj2jbMweA,Rohan Cariappa
UCqToD5zNYT1Jdww1N_VuAzQ,http://www.youtube.com/channel/UCqToD5zNYT1Jdww1N_VuAzQ,Rabhii Singh
UCqYuzgSCEl0IqWKxC8T4Gmg,http://www.youtube.com/channel/UCqYuzgSCEl0IqWKxC8T4Gmg,Niklas Christl
UCqa7uzfDQfc9Q-wIRpUsmdw,http://www.youtube.com/channel/UCqa7uzfDQfc9Q-wIRpUsmdw,Scott Christian Sava
UCqh4bvM88QAqMzi9tt7EEEA,http://www.youtube.com/channel/UCqh4bvM88QAqMzi9tt7EEEA,Stevie Sells
UCqjPZuezV_ohA6gk-30OSPQ,http://www.youtube.com/channel/UCqjPZuezV_ohA6gk-30OSPQ,Level Up Guitar Tabs
UCqmugCqELzhIMNYnsjScXXw,http://www.youtube.com/channel/UCqmugCqELzhIMNYnsjScXXw,Vsauce2
UCqq3VcwPGseErHUa0-xLInQ,http://www.youtube.com/channel/UCqq3VcwPGseErHUa0-xLInQ,Ren
UCrBhVZa7t7D5tZ979eBqO9g,http://www.youtube.com/channel/UCrBhVZa7t7D5tZ979eBqO9g,Benjamin’s English · engVid
UCrmBZhClactbYpm1LeVvG_w,http://www.youtube.com/channel/UCrmBZhClactbYpm1LeVvG_w,Movie Boo
UCs5oAd8zR6ZrblvlfOe1u-A,http://www.youtube.com/channel/UCs5oAd8zR6ZrblvlfOe1u-A,Miss Matured
UCsNxHPbaCWL1tKw2hxGQD6g,http://www.youtube.com/channel/UCsNxHPbaCWL1tKw2hxGQD6g,Asset Yogi
UCsT0YIqwnpJCM-mx7-gSA4Q,http://www.youtube.com/channel/UCsT0YIqwnpJCM-mx7-gSA4Q,TEDx Talks
UCsV2gRkS_4mBDNGbcCGm4Sg,http://www.youtube.com/channel/UCsV2gRkS_4mBDNGbcCGm4Sg,Arnie Dhyani 
UCsXVk37bltHxD1rDPwtNM8Q,http://www.youtube.com/channel/UCsXVk37bltHxD1rDPwtNM8Q,Kurzgesagt – In a Nutshell
UCtR0QdHQ1ia_RikzKC7YsDw,http://www.youtube.com/channel/UCtR0QdHQ1ia_RikzKC7YsDw,Mayuri Rajput
UCtcr8Nv2f0nFfH0e5mId4qQ,http://www.youtube.com/channel/UCtcr8Nv2f0nFfH0e5mId4qQ,Wolf.Cryman
UCteF4--g6cL7jXbmujpRfeQ,http://www.youtube.com/channel/UCteF4--g6cL7jXbmujpRfeQ,GabeSweats
UCtpDorOuxwQ1URGQ0WLIXmQ,http://www.youtube.com/channel/UCtpDorOuxwQ1URGQ0WLIXmQ,Dino James
UCuFetHqB-mSKGi3HhWr-fOQ,http://www.youtube.com/channel/UCuFetHqB-mSKGi3HhWr-fOQ,SANGEET DROP
UCugDYsaRpXOir1k7Izo6a9g,http://www.youtube.com/channel/UCugDYsaRpXOir1k7Izo6a9g,just the nobodys podcast
UCurYxozQbvKn-oNUxNJh45Q,http://www.youtube.com/channel/UCurYxozQbvKn-oNUxNJh45Q,GREAT IDEAS GREAT LIFE
UCvNr4k2vfZs3ErF01TqN77Q,http://www.youtube.com/channel/UCvNr4k2vfZs3ErF01TqN77Q,Sandeep Maheshwari Shorts
UCwAdQUuPT6laN-AQR17fe1g,http://www.youtube.com/channel/UCwAdQUuPT6laN-AQR17fe1g,pranjal kamra
UCwKfpoK1B3VGUrw5po9oW7w,http://www.youtube.com/channel/UCwKfpoK1B3VGUrw5po9oW7w,What Motivated You
UCwO9-5vM7QMcolhb-TrJozQ,http://www.youtube.com/channel/UCwO9-5vM7QMcolhb-TrJozQ,Tejas Joshi Finance
UCwTOdeFTxWugbVQY9c-n41Q,http://www.youtube.com/channel/UCwTOdeFTxWugbVQY9c-n41Q,John Savage
UCwpHrErJZC0kwOZri-BvFRQ,http://www.youtube.com/channel/UCwpHrErJZC0kwOZri-BvFRQ,Claire Li
UCy5V5o7vZ4rffU-LdEMpzqw,http://www.youtube.com/channel/UCy5V5o7vZ4rffU-LdEMpzqw,Anuj Ramatri
UCz4a7agVFr1TxU-mpAP8hkw,http://www.youtube.com/channel/UCz4a7agVFr1TxU-mpAP8hkw,Mohak Mangal
UCzBFbAHtUYkcN-YJtA3yzBA,http://www.youtube.com/channel/UCzBFbAHtUYkcN-YJtA3yzBA,Frappe Ash
UCzBvAIHPZ_Y7chhoN5ebv_A,http://www.youtube.com/channel/UCzBvAIHPZ_Y7chhoN5ebv_A,Best Of TRS
UCzNTVzprq6UG7kBK0LIDtUw,http://www.youtube.com/channel/UCzNTVzprq6UG7kBK0LIDtUw,Karl Niilo
UCzQUP1qoWDoEbmsQxvdjxgQ,http://www.youtube.com/channel/UCzQUP1qoWDoEbmsQxvdjxgQ,PowerfulJRE
UCzdMY6Qsv9CrsNCPgtZlrIw,http://www.youtube.com/channel/UCzdMY6Qsv9CrsNCPgtZlrIw,TRS Clips हिंदी
UCzgVZJspBWtvWq6aldVDEwQ,http://www.youtube.com/channel/UCzgVZJspBWtvWq6aldVDEwQ,COC FRIENDS
UCznv7Vf9nBdJYvBagFdAHWw,http://www.youtube.com/channel/UCznv7Vf9nBdJYvBagFdAHWw,Tim Ferriss
UCzwCEE_PchiBULMnAJqhGVg,http://www.youtube.com/channel/UCzwCEE_PchiBULMnAJqhGVg,Raj Shamani





